{"cameraMode":{"drawMode":0,"name":"Shaded","section":"Shading Mode"},"sceneLighting":false,"audioPlay":false,"sceneViewState":{"m_AlwaysRefresh":false,"showFog":false,"showSkybox":false,"showFlares":false,"showImageEffects":false,"showParticleSystems":false,"showVisualEffectGraphs":true,"m_FxEnabled":true},"in2DMode":false,"pivot":{"x":0.00003540515899658203,"y":0.9309879541397095,"z":-0.045138537883758548},"rotation":{"x":0.5072032809257507,"y":-0.48075729608535769,"z":0.42248043417930605,"w":0.5771961212158203},"size":1.4336787462234498,"orthographic":false}