{"cameraMode":{"drawMode":0,"name":"Shaded","section":"Shading Mode"},"sceneLighting":true,"audioPlay":false,"sceneViewState":{"m_AlwaysRefresh":false,"showFog":true,"showSkybox":true,"showFlares":true,"showImageEffects":true,"showParticleSystems":true,"showVisualEffectGraphs":true,"m_FxEnabled":true},"in2DMode":false,"pivot":{"x":-0.10486280918121338,"y":6.979826927185059,"z":-6.271527290344238},"rotation":{"x":-0.06326703727245331,"y":0.9235011339187622,"z":-0.17387157678604127,"w":-0.33604294061660769},"size":1.1660065650939942,"orthographic":false}